disease_id,symptom_id
4,5
4,8
4,52
4,56
4,68
4,134
4,186
5,4
5,5
5,188
5,190
5,192
5,194
6,148
6,150
6,196
7,5
7,198
7,200
7,202
8,44
8,206
8,208
8,210
8,212
8,214
8,216
8,218
8,220
8,222
8,224
10,16
10,18
10,22
10,38
10,44
10,52
10,220
10,268
10,554
10,816
10,898
10,1619
11,32
11,128
11,226
11,228
11,230
11,232
11,234
11,238
13,240
13,242
14,244
14,246
14,248
14,250
15,18
15,42
15,64
15,78
15,248
15,252
15,254
15,256
15,258
17,260
17,262
20,3
20,14
20,16
20,18
20,22
20,54
20,220
20,264
21,248
21,260
21,266
21,268
21,270
23,52
23,220
23,272
24,90
24,244
24,270
24,274
24,276
25,12
25,50
25,126
25,224
25,244
25,278
25,280
25,282
25,284
27,76
27,132
27,286
27,288
30,168
31,142
31,164
31,166
31,290
32,142
32,148
32,292
32,294
33,170
33,172
34,3
34,8
34,12
34,16
34,20
34,28
34,30
34,40
34,224
34,298
34,300
34,302
34,304
34,306
34,308
34,310
34,312
34,314
34,316
34,318
34,320
35,16
35,30
35,272
35,310
35,312
35,316
35,318
39,26
39,30
39,316
39,318
39,322
41,174
41,324
41,326
41,328
42,3
42,12
42,28
42,174
42,272
42,310
42,318
42,322
42,324
42,330
42,332
42,334
42,336
42,338
42,340
43,3
43,272
43,308
43,336
44,20
44,30
44,224
44,316
44,318
44,342
44,344
45,3
45,16
45,56
45,148
45,174
45,264
45,318
45,322
45,348
45,350
45,352
45,354
46,32
46,68
46,148
46,174
46,236
46,272
46,324
46,326
46,328
46,330
46,358
47,3
47,16
47,28
47,32
47,74
47,128
47,174
47,304
47,310
47,318
47,322
47,324
47,326
47,328
47,330
47,334
47,338
47,340
47,360
47,362
47,366
47,368
48,3
48,20
48,30
48,48
48,50
48,54
48,318
48,370
48,372
48,374
49,20
49,26
49,50
49,54
49,112
49,148
49,174
49,184
49,322
49,324
49,326
49,328
49,330
49,376
49,378
49,380
49,382
49,384
49,386
49,388
49,390
50,3
50,16
50,302
50,310
50,392
50,394
50,396
50,398
52,3
52,12
52,16
52,20
52,28
52,40
52,44
52,50
52,256
52,264
52,272
52,312
52,400
52,402
52,406
52,408
53,410
54,412
54,414
54,416
56,418
56,420
56,422
56,424
56,426
56,428
56,430
56,432
56,434
57,18
57,48
57,50
57,256
57,434
57,436
59,438
60,32
60,128
60,280
60,282
60,440
60,442
60,444
60,446
61,32
61,236
61,270
61,274
61,280
61,412
61,414
61,420
61,422
61,426
61,442
61,448
62,270
62,450
63,126
63,274
63,280
63,428
63,452
63,454
63,456
63,458
63,460
63,462
65,464
65,466
65,472
68,474
68,476
68,478
68,480
68,482
69,474
69,484
69,486
69,488
71,220
71,282
71,474
71,476
71,478
71,490
71,492
71,494
71,496
71,498
71,500
72,502
72,504
72,506
72,508
73,510
73,512
73,514
73,532
75,516
75,518
76,38
76,64
76,80
76,84
76,86
76,88
76,96
76,114
76,520
76,522
76,526
76,528
76,530
77,12
77,34
77,42
77,44
77,50
77,86
77,114
77,302
77,350
77,528
77,532
77,534
77,536
77,538
77,540
83,3
83,14
83,16
83,40
83,220
83,528
83,542
83,544
83,546
83,548
87,14
87,34
87,42
87,48
87,50
87,420
87,478
87,526
87,552
87,554
87,556
87,558
87,560
87,562
87,564
87,566
87,568
88,52
88,528
88,530
88,540
88,544
88,546
88,550
89,208
89,212
89,220
89,570
89,572
89,574
90,44
90,50
90,102
90,126
90,208
90,212
90,220
90,574
90,576
90,578
91,32
91,50
91,124
91,220
91,224
91,236
91,304
91,580
92,126
92,304
92,392
92,580
92,582
92,584
93,126
93,586
93,588
93,590
93,592
93,594
96,304
96,392
96,580
96,584
96,596
97,3
97,16
97,20
97,30
97,50
97,128
97,264
97,318
97,378
98,156
98,448
98,598
98,600
98,602
98,604
99,292
100,220
100,554
100,556
100,578
100,610
100,612
102,578
102,614
102,616
102,618
104,554
104,620
104,622
105,496
105,550
105,556
105,616
105,624
105,626
105,628
106,214
106,216
106,218
106,630
106,632
106,634
106,636
108,382
108,638
108,640
108,642
110,644
110,646
111,382
111,640
111,648
111,650
111,652
112,638
112,654
112,656
113,26
113,128
113,302
113,658
113,660
113,662
113,664
114,666
114,668
114,670
115,5
115,12
115,32
115,126
115,480
115,580
115,672
115,674
116,32
116,102
116,124
116,220
116,224
116,236
116,480
116,580
116,584
116,672
116,674
116,676
117,8
117,12
117,20
117,26
117,50
117,80
117,92
117,102
117,126
117,190
117,224
117,480
117,672
117,678
118,14
118,56
118,362
118,480
118,674
118,680
118,684
119,8
119,14
119,18
119,36
119,38
119,44
119,50
119,282
119,402
119,478
119,480
119,554
119,594
119,686
123,8
123,312
123,402
123,476
123,480
123,688
123,690
124,134
124,692
124,694
125,126
125,692
125,694
125,696
126,20
126,26
126,50
126,92
126,102
126,116
126,124
126,126
126,304
126,698
126,700
126,702
126,704
126,776
127,116
127,478
127,698
127,700
127,702
127,706
127,708
127,710
127,712
127,714
129,350
129,492
129,512
129,532
129,716
129,718
130,712
130,720
130,722
130,724
131,12
131,26
131,48
131,50
131,68
131,96
131,116
131,126
131,168
131,224
131,256
131,580
131,674
131,682
133,126
133,206
133,638
133,726
133,728
135,90
135,280
135,428
135,434
135,440
135,460
135,730
135,732
136,92
136,126
136,208
136,580
136,734
136,736
137,260
137,270
137,284
137,420
137,428
137,432
137,452
137,460
137,730
138,244
138,260
138,266
138,268
138,270
138,280
138,284
138,420
138,428
138,432
138,452
138,456
138,460
138,730
138,738
138,792
139,128
139,148
139,740
140,92
140,128
140,208
140,676
140,742
141,208
141,214
141,216
141,218
141,236
141,580
141,630
141,740
143,16
143,32
143,142
143,220
143,236
143,300
143,392
143,740
143,744
143,746
146,16
146,44
146,52
146,56
146,220
146,236
146,350
146,530
146,544
146,546
146,748
149,8
149,38
149,44
149,50
149,92
149,126
149,136
149,224
149,380
149,750
150,20
150,92
150,126
150,148
150,224
150,238
150,282
150,358
150,580
150,596
150,674
155,12
155,40
155,44
155,50
155,540
155,682
156,26
156,28
156,40
156,44
156,50
156,80
156,96
156,256
157,16
157,18
157,54
157,264
157,282
157,298
157,754
157,756
158,244
158,280
158,282
158,420
158,428
158,430
158,432
158,730
159,12
159,32
159,124
159,224
159,236
159,282
160,126
160,244
160,420
160,428
160,430
160,730
162,12
162,18
162,20
162,24
162,28
162,30
162,34
162,40
162,44
162,48
162,62
162,64
162,174
162,248
162,264
162,682
162,738
162,758
162,760
163,22
163,26
163,38
163,44
163,54
163,66
163,68
163,70
163,122
163,124
163,138
163,212
163,248
163,292
163,402
163,582
163,630
163,674
163,684
163,760
163,762
163,764
163,776
164,18
164,22
164,24
164,28
164,44
164,62
164,90
164,116
164,140
164,220
164,248
164,282
164,362
164,674
164,738
165,20
165,40
165,48
165,50
165,62
165,74
165,138
165,148
165,304
165,356
165,420
165,478
165,554
165,620
165,622
165,766
169,14
169,16
169,30
169,32
169,124
169,220
169,236
169,264
169,316
169,318
169,342
169,768
170,3
170,16
170,26
170,32
170,124
170,128
170,220
170,244
170,300
170,342
170,768
170,770
171,16
171,30
171,304
171,344
171,362
171,554
171,674
171,1100
172,3
172,16
172,20
172,30
172,126
172,224
172,244
172,316
172,322
172,770
172,772
172,774
173,3
173,26
173,30
173,128
173,264
173,400
173,740
173,1608
176,12
176,26
176,32
176,44
176,126
176,224
176,776
176,1034
178,26
178,40
178,44
178,92
178,220
178,224
178,236
181,16
181,26
181,68
181,128
181,174
181,190
181,200
181,218
181,220
181,244
181,264
181,318
181,324
181,362
181,380
181,382
181,480
181,580
181,630
181,754
181,776
181,778
181,780
181,782
183,26
183,92
183,124
183,128
183,216
183,218
183,220
183,224
183,238
183,596
183,664
183,740
183,784
184,16
184,30
184,128
184,220
184,580
184,1412
185,12
185,92
185,132
185,166
185,292
185,380
185,478
185,566
185,568
185,582
185,740
185,788
185,1100
187,236
187,350
187,392
187,394
187,786
187,788
187,790
190,3
190,16
190,32
190,220
190,236
190,740
194,3
194,14
194,32
194,46
194,92
194,166
194,220
194,224
194,236
198,244
198,268
198,284
198,428
198,460
198,730
198,792
202,260
202,730
202,734
202,794
203,796
204,798
204,800
206,224
214,44
214,60
214,84
214,96
214,98
214,126
214,302
214,530
214,540
214,748
214,802
214,804
216,3
216,16
216,30
216,220
216,224
216,236
216,350
216,378
216,776
218,3
218,16
218,220
218,236
218,362
218,500
218,746
218,816
218,860
218,898
218,1382
218,1534
223,128
223,148
223,806
224,798
225,26
225,32
225,80
225,128
225,224
226,128
226,664
226,740
227,3
227,16
227,26
227,28
227,102
227,128
227,148
227,174
227,220
227,224
227,322
227,324
227,326
227,328
227,330
227,360
227,642
227,772
228,3
228,16
228,28
228,174
228,180
228,182
228,184
228,224
228,310
228,318
228,322
228,324
228,326
228,328
228,330
228,332
228,360
228,378
228,380
228,384
228,642
228,772
228,808
229,3
229,16
229,126
229,174
229,264
229,324
229,326
229,328
229,330
229,378
229,772
230,3
230,16
230,50
230,116
230,126
230,174
230,264
230,324
230,326
230,328
230,330
230,378
230,772
231,3
231,16
231,50
231,126
231,174
231,224
231,324
231,326
231,328
231,330
231,772
233,32
233,116
233,124
233,220
233,236
233,304
233,776
233,810
233,812
233,1610
233,1612
233,1614
234,92
234,126
234,224
234,676
236,16
236,126
236,208
236,210
236,220
236,224
236,578
236,580
236,676
239,12
239,142
239,148
239,742
240,260
240,262
240,266
240,270
240,730
240,794
240,814
246,16
246,32
246,116
246,124
246,220
246,236
255,3
255,26
255,30
255,116
255,148
255,236
256,20
256,224
256,378
259,92
259,128
259,148
259,190
259,200
259,218
259,236
259,244
259,350
259,580
259,630
259,740
259,776
259,816
261,3
261,20
261,26
261,126
261,244
261,302
261,580
261,818
263,3
263,26
263,40
263,50
263,64
263,206
263,244
263,818
264,142
264,148
264,260
264,794
264,820
265,148
265,820
265,822
265,824
266,148
266,740
266,822
266,826
266,828
266,830
267,244
267,260
267,280
267,420
267,428
267,456
267,460
267,706
267,730
267,738
267,832
267,834
283,20
283,174
283,326
283,500
283,1412
288,304
288,392
288,584
288,674
294,20
294,50
294,54
294,116
294,126
294,1624
298,232
298,234
298,238
298,844
298,846
298,848
298,850
298,852
298,854
298,856
300,8
300,20
300,50
300,126
300,224
300,254
300,270
300,274
300,792
300,842
302,12
302,28
302,224
302,244
302,282
302,322
302,420
302,1034
305,26
305,186
305,224
305,280
305,418
305,422
305,428
305,452
305,500
305,1617
309,18
309,26
309,86
309,126
309,174
309,192
309,220
309,224
309,894
309,1616
309,1617
330,20
330,256
330,544
330,582
330,758
339,8
339,20
339,50
339,92
339,128
339,182
339,224
339,378
339,836
340,8
340,20
340,50
340,92
340,128
340,182
340,224
340,378
340,836
341,8
341,20
341,50
341,92
341,128
341,182
341,224
341,378
341,836
352,8
352,20
352,128
352,136
352,154
352,182
352,224
352,378
352,380
352,836
352,838
361,840
364,90
364,270
364,274
364,420
364,426
364,526
364,842
367,26
367,48
367,138
367,142
367,164
367,224
367,290
367,292
367,394
367,398
367,760
367,764
367,858
367,860
367,862
367,864
367,866
367,868
368,42
368,50
368,224
368,478
368,560
368,746
368,870
369,8
369,50
369,224
369,388
369,680
369,746
374,14
374,52
374,126
374,224
374,674
374,772
376,14
376,56
376,224
376,674
377,56
377,362
377,674
377,754
382,116
382,136
382,154
382,380
382,432
384,3
384,16
384,154
384,220
384,254
384,380
384,382
384,554
399,20
399,44
399,50
399,102
399,116
399,126
399,190
399,224
399,378
399,480
399,580
399,674
399,836
402,5
402,220
402,224
402,370
402,394
402,560
402,580
402,582
402,758
402,762
404,758
405,28
405,30
405,34
405,40
405,112
405,224
405,1132
406,12
406,32
406,138
406,220
406,224
406,362
406,394
406,476
406,582
406,596
406,758
406,762
409,8
409,12
409,22
409,34
409,52
409,56
409,88
409,224
409,356
409,362
409,478
409,528
409,540
409,626
410,3
410,18
410,20
410,28
410,38
410,40
410,42
410,44
410,64
410,74
410,80
410,96
410,224
410,264
410,378
410,504
410,872
410,874
411,8
411,12
411,14
411,16
411,38
411,44
411,52
411,76
411,104
411,138
411,362
411,594
411,628
411,740
411,876
411,878
411,880
412,12
412,18
412,62
412,116
412,220
412,700
412,882
412,884
412,886
413,90
413,112
413,242
413,246
413,666
413,738
413,888
415,3
415,16
415,74
415,220
415,420
415,554
417,18
417,42
417,48
417,62
417,112
417,180
417,248
417,258
417,562
417,738
417,890
417,892
417,894
417,896
421,18
421,48
421,52
421,62
421,220
421,418
421,478
421,898
422,3
422,16
422,20
422,26
422,30
422,34
422,40
422,42
422,48
422,50
422,52
422,68
422,248
422,252
422,264
422,362
422,378
422,394
422,478
422,738
422,872
422,898
422,900
422,902
422,904
425,90
425,242
425,244
425,248
425,250
425,254
425,792
425,906
426,40
426,42
426,62
426,80
426,90
426,170
426,180
426,242
426,244
426,246
426,248
426,252
426,282
426,292
426,908
426,910
426,912
426,914
427,112
427,416
427,738
427,916
427,918
427,920
427,922
427,924
428,444
428,926
433,370
438,138
438,142
438,628
438,864
438,928
438,930
438,932
439,3
439,16
439,36
439,44
439,48
439,264
439,478
439,520
439,692
439,860
439,934
439,936
441,30
441,560
441,740
441,860
442,142
442,478
442,746
442,860
442,938
457,52
457,224
457,1042
473,18
473,176
473,782
473,806
475,16
475,28
475,30
475,44
475,318
475,672
475,674
477,38
477,86
477,88
477,96
477,114
477,520
477,522
477,528
477,940
478,942
479,528
479,530
479,748
483,12
483,16
483,34
483,40
483,44
483,58
483,84
483,124
483,220
483,252
483,674
484,80
484,530
484,748
484,944
484,946
484,948
484,950
484,952
484,954
484,956
484,958
485,954
485,960
485,962
485,964
485,966
485,968
485,970
485,972
485,974
486,978
487,36
487,42
487,44
487,98
487,540
487,964
487,968
487,980
487,982
487,984
487,986
487,988
487,990
487,992
488,44
488,66
488,378
488,562
488,980
488,982
488,984
488,986
488,988
488,994
488,996
488,998
489,26
489,36
489,44
489,50
489,80
489,980
489,982
489,990
489,1000
489,1002
492,12
492,44
492,304
492,398
492,540
492,1004
492,1006
492,1008
493,8
493,12
493,14
493,18
493,44
493,362
493,404
493,1006
493,1008
493,1010
494,8
494,12
494,18
494,34
494,36
494,44
494,90
494,362
494,540
494,1006
495,1012
495,1014
496,36
496,374
496,980
496,982
496,1004
496,1010
496,1016
497,972
497,1018
497,1020
499,36
499,40
499,44
499,50
499,64
499,80
499,220
499,224
499,252
499,374
501,20
501,26
501,40
501,50
501,112
501,224
501,242
501,378
501,1022
501,1024
502,1026
502,1028
502,1030
502,1032
503,42
503,982
503,1028
505,1034
513,1036
513,1038
513,1040
524,38
524,66
524,80
524,88
524,1042
525,954
525,968
525,1044
525,1046
525,1048
525,1050
525,1052
525,1054
525,1056
529,98
529,1058
529,1060
530,88
530,1062
531,1064
532,526
534,1066
534,1068
534,1070
534,1072
534,1074
534,1076
535,986
535,1078
535,1080
536,3
536,52
536,60
536,220
536,236
536,350
536,478
536,544
536,1034
538,3
538,14
538,16
538,34
538,60
538,86
538,282
538,350
538,478
538,554
538,776
538,1080
538,1082
538,1084
539,38
539,42
539,80
539,84
539,86
539,394
539,944
539,1008
539,1044
539,1080
539,1086
539,1088
539,1090
539,1092
541,48
541,512
541,1094
541,1096
541,1098
541,1100
541,1102
541,1104
541,1106
542,34
542,66
542,350
542,528
542,532
542,534
542,536
542,538
542,1080
546,1044
546,1086
547,34
549,88
549,950
549,958
549,970
549,994
549,998
549,1068
549,1070
549,1072
549,1074
549,1076
549,1080
556,940
556,942
557,44
557,48
557,530
557,1004
557,1034
557,1108
557,1110
557,1112
558,48
558,1004
558,1112
559,1114
560,76
560,216
560,302
560,588
560,876
560,1064
560,1116
565,12
565,54
565,1118
565,1120
565,1122
565,1124
566,48
566,86
566,478
566,1126
566,1128
566,1130
568,48
568,76
568,114
568,478
568,1098
568,1126
568,1128
568,1130
569,48
569,50
569,114
569,302
569,574
569,626
569,1096
569,1100
569,1132
569,1134
569,1136
573,48
573,512
573,1096
573,1098
573,1100
573,1106
574,52
574,350
574,526
574,554
574,876
574,880
574,1042
574,1044
574,1080
574,1086
574,1096
574,1124
574,1138
574,1140
574,1142
574,1144
574,1146
574,1148
574,1150
574,1152
575,60
577,16
577,52
577,1154
577,1156
577,1158
577,1160
577,1162
577,1164
578,3
578,14
578,16
578,56
578,220
578,528
578,994
578,996
578,1166
583,214
583,630
583,1186
583,1188
584,214
584,630
584,1186
584,1190
584,1192
585,612
585,634
585,1186
585,1194
585,1196
586,216
586,218
586,544
586,554
586,578
586,632
586,634
586,1198
586,1200
596,216
596,632
596,634
596,928
596,1202
598,216
598,218
598,578
598,630
598,1204
598,1206
604,218
604,544
604,578
604,1208
605,218
605,1208
605,1210
606,216
606,218
606,544
606,578
606,634
606,636
606,1200
606,1202
606,1206
606,1212
606,1214
606,1216
606,1218
609,216
609,218
609,544
609,554
609,578
609,634
609,1200
610,216
610,218
610,544
610,554
610,578
610,618
610,620
610,1216
610,1220
613,1222
614,216
614,218
614,496
614,544
614,550
614,556
614,578
614,610
614,616
614,932
614,1208
614,1212
614,1220
614,1224
615,496
615,550
615,554
615,614
615,620
615,622
616,550
616,1226
619,554
619,1224
619,1228
619,1230
620,496
620,558
620,578
620,622
620,1226
620,1232
621,626
621,1234
621,1236
621,1238
624,220
624,554
624,612
624,1240
625,220
625,554
625,612
625,624
625,1238
627,612
627,1242
627,1244
627,1246
630,554
630,1248
631,554
633,3
633,14
633,86
634,876
634,1250
638,126
638,220
638,588
638,590
638,594
638,876
646,3
646,14
646,16
646,68
646,86
646,594
646,876
646,1252
648,1252
648,1254
653,590
653,1256
655,48
655,936
655,1086
655,1258
655,1260
656,5
656,44
656,58
656,224
656,256
656,480
656,580
656,674
656,680
656,696
658,126
658,224
658,256
658,480
658,674
658,696
659,5
659,8
659,256
661,220
661,256
664,50
664,56
664,224
664,256
664,580
664,582
664,674
664,678
664,696
665,200
665,224
665,256
665,320
665,480
665,580
665,1264
666,12
666,20
666,32
666,116
666,128
666,182
666,236
666,580
666,674
666,836
666,1266
667,50
667,102
667,674
667,680
667,1268
668,5
668,14
668,32
668,50
668,56
668,58
668,126
668,256
668,362
668,404
668,674
668,1270
669,674
669,1272
669,1274
669,1276
670,14
670,56
670,224
670,362
670,480
670,674
670,680
671,14
671,56
671,134
671,256
671,480
671,674
671,680
671,1278
671,1280
672,224
672,308
672,310
672,330
672,376
672,674
672,1282
672,1284
673,134
673,330
673,696
673,1264
673,1278
674,14
674,50
674,56
674,134
674,224
674,480
674,674
675,134
675,224
675,318
675,330
675,362
675,376
675,674
675,696
676,68
676,126
676,362
676,402
676,480
676,674
676,684
676,1282
677,14
677,50
677,56
677,362
677,376
677,402
677,674
677,696
677,1282
678,14
678,56
678,68
678,256
678,674
678,680
678,1284
679,56
679,134
679,1286
679,1288
679,1290
680,3
680,14
680,56
680,224
680,362
680,420
680,674
680,1010
681,5
681,14
681,56
681,68
681,224
681,362
681,480
681,540
681,674
681,1282
681,1292
682,52
682,56
682,134
682,1288
682,1290
682,1294
683,8
683,14
683,38
683,40
683,50
683,56
683,224
683,402
683,520
683,560
683,594
683,674
683,684
683,704
683,1166
683,1282
683,1284
684,54
684,190
684,362
684,580
684,674
684,1264
684,1274
684,1296
688,3
688,12
688,14
688,16
688,56
688,60
688,88
688,220
688,304
688,528
688,578
688,680
688,1034
688,1106
688,1142
688,1162
689,3
689,14
689,16
689,34
689,48
689,52
689,56
689,60
689,86
689,88
689,144
689,220
689,528
689,560
689,564
689,1088
689,1100
689,1162
689,1246
692,8
692,150
694,8
694,144
694,150
694,478
694,686
694,692
694,1298
694,1300
697,32
697,126
697,134
697,144
697,224
697,244
697,280
697,696
697,1302
699,76
699,478
699,694
699,696
699,766
699,1302
699,1304
699,1306
700,160
700,176
700,694
700,696
700,1302
700,1304
700,1306
701,138
701,176
701,696
701,766
701,1302
701,1304
705,3
705,8
705,12
705,14
705,36
705,40
705,220
705,224
705,362
705,674
705,1034
705,1308
705,1310
705,1312
705,1314
705,1316
705,1318
708,102
708,128
708,208
708,212
708,220
708,576
709,102
709,206
709,208
709,210
709,212
709,216
709,222
710,32
710,236
710,392
710,642
710,664
710,676
710,784
710,1320
711,126
711,192
711,402
711,580
711,582
711,584
711,672
711,676
714,46
714,92
714,128
714,208
714,580
714,582
714,584
714,676
714,688
715,126
715,134
715,190
715,224
715,580
715,674
715,1100
715,1322
717,118
717,192
717,1096
717,1100
719,20
719,134
719,194
719,580
719,1264
719,1324
719,1326
722,256
722,672
722,674
722,1298
722,1322
725,5
725,14
725,58
725,68
725,134
725,224
725,362
725,480
725,672
725,674
725,704
730,8
730,134
730,480
730,540
730,580
730,674
731,3
731,8
731,38
731,44
731,56
731,68
731,134
731,220
731,362
731,674
731,1034
731,1326
737,1328
738,1330
739,1332
739,1334
739,1336
741,640
741,646
741,880
742,1338
743,644
743,1340
743,1342
745,382
745,638
745,642
745,644
746,644
746,646
747,1344
747,1346
747,1350
747,1352
748,128
748,640
748,646
748,650
748,1344
748,1346
748,1348
756,88
756,1116
756,1136
756,1354
766,938
766,1356
766,1358
766,1360
766,1362
766,1364
767,106
767,300
767,302
767,304
767,746
767,860
767,862
767,870
767,1080
767,1366
767,1368
767,1370
767,1372
767,1374
768,3
768,16
768,302
768,310
768,312
768,318
768,402
768,404
768,476
768,582
768,642
768,676
768,880
768,1376
769,310
769,392
769,402
769,480
769,1096
769,1376
769,1378
772,16
772,310
772,312
772,338
772,392
772,402
772,404
772,1096
772,1376
772,1380
772,1382
773,3
773,20
773,302
773,310
773,312
773,402
773,480
773,1096
773,1384
774,3
774,16
774,26
774,28
774,30
774,264
774,298
774,308
774,310
774,312
774,330
774,352
774,360
775,3
775,8
775,16
775,20
775,26
775,28
775,30
775,44
775,264
775,306
775,310
775,1386
780,3
780,16
780,128
780,244
780,264
780,304
780,362
780,378
780,400
781,3
781,16
781,28
781,244
781,280
781,318
781,320
781,322
781,458
781,1388
782,3
782,16
782,28
782,280
782,320
782,322
782,706
782,1390
783,3
783,400
783,1392
783,1394
784,244
784,264
784,1396
785,264
785,310
785,312
785,330
785,352
785,480
785,674
785,1398
786,3
786,16
786,20
786,30
786,128
786,264
786,300
786,316
786,318
786,322
786,342
786,354
786,378
786,400
786,1400
786,1402
787,3
787,8
787,16
787,20
787,26
787,28
787,30
787,264
787,310
787,312
787,316
787,318
787,322
787,400
790,3
790,16
790,28
790,128
790,244
790,264
790,304
790,598
791,3
791,16
791,28
791,244
791,264
791,318
791,400
793,3
793,16
793,28
793,30
793,264
793,310
793,360
793,400
793,1404
795,244
795,274
795,604
795,818
795,1406
795,1408
795,1410
796,244
796,274
796,600
796,604
796,818
796,1406
796,1408
796,1410
797,244
797,274
797,600
797,604
797,818
797,1406
797,1408
797,1410
798,600
798,602
798,604
798,818
799,598
799,602
800,598
800,602
800,834
803,28
803,126
803,598
803,834
803,1404
803,1408
803,1410
804,3
804,8
804,16
804,68
804,138
804,236
804,322
804,362
804,540
804,1010
804,1360
804,1412
805,3
805,16
805,20
805,48
805,50
805,68
805,112
805,154
805,174
805,184
805,224
805,324
805,384
805,386
805,400
805,666
805,738
805,812
805,908
805,1414
805,1416
805,1418
806,3
806,20
806,26
806,54
806,56
806,82
806,174
806,224
806,318
806,324
806,380
806,384
806,782
806,808
806,858
806,1420
808,50
808,118
808,154
808,184
808,224
808,772
809,3
809,16
809,138
809,292
809,304
809,330
809,376
809,554
809,772
809,1422
813,3
813,174
813,272
813,322
813,324
813,330
813,378
813,390
813,408
813,1382
813,1418
816,306
816,324
819,20
819,26
819,126
819,144
819,806
821,166
821,740
821,742
821,1424
821,1426
822,128
822,152
822,236
823,144
823,152
824,236
824,1428
824,1430
824,1432
824,1434
825,32
825,54
825,144
825,236
825,1436
827,740
830,160
830,164
830,798
830,1474
834,138
834,144
834,148
834,160
834,740
834,742
834,822
835,142
835,166
835,296
835,740
835,910
835,1438
836,144
836,742
836,1440
836,1442
837,144
837,146
837,148
837,150
837,196
837,816
842,142
842,144
842,148
842,150
842,160
842,740
843,142
843,148
843,168
847,740
847,742
848,144
848,162
848,1436
849,144
849,162
849,740
851,1444
852,1322
852,1448
852,1450
852,1452
852,1454
852,1456
852,1458
853,1460
853,1462
853,1464
853,1466
855,930
861,138
861,144
861,148
861,150
861,152
861,160
861,170
861,740
861,928
861,1468
863,144
863,148
863,796
863,816
863,1432
863,1434
863,1436
865,148
865,162
865,740
868,1470
869,138
869,142
869,144
869,148
869,164
870,138
870,142
870,144
870,760
870,764
870,878
870,1472
870,1474
872,148
872,178
873,18
873,54
873,116
873,138
873,144
873,178
873,184
873,256
873,292
873,566
873,580
873,658
873,674
873,694
873,702
873,878
873,1298
873,1358
873,1474
873,1476
873,1478
874,54
874,116
874,176
874,184
874,256
874,536
874,566
874,568
874,674
874,700
874,702
874,776
874,816
874,1298
874,1480
874,1482
878,116
878,698
878,700
878,712
879,116
879,144
879,700
879,712
883,116
883,492
883,700
884,280
884,472
884,706
884,1148
884,1484
884,1486
884,1488
884,1490
885,708
885,1488
885,1492
885,1494
885,1496
885,1498
886,1124
886,1500
888,116
888,136
888,700
888,712
888,1500
889,116
889,698
889,700
889,712
889,1500
896,48
896,58
896,1500
896,1502
896,1504
896,1506
896,1508
896,1510
899,304
899,554
899,634
899,1186
899,1206
903,282
903,512
904,512
904,1116
904,1512
904,1514
904,1516
905,116
905,282
905,474
905,476
905,492
905,554
905,706
905,712
905,716
905,1518
905,1520
905,1522
907,32
907,56
907,102
907,116
907,144
907,236
907,816
908,474
908,476
908,500
908,716
910,76
910,280
910,282
910,474
910,476
910,480
910,504
910,1524
910,1526
910,1528
910,1530
910,1532
911,14
911,476
911,1514
911,1526
912,478
912,504
912,706
912,1522
912,1534
913,282
913,492
913,500
913,1536
914,474
914,478
914,492
914,500
914,716
914,1082
914,1524
914,1538
915,12
915,126
915,220
915,224
915,474
915,476
915,1540
915,1542
915,1544
915,1546
918,126
918,224
918,698
918,712
918,1500
920,116
920,1500
921,116
921,698
921,712
921,1500
921,1548
923,714
926,1550
926,1552
926,1554
927,1530
927,1556
927,1558
927,1560
927,1562
929,776
929,1540
939,26
939,44
939,92
939,224
939,646
939,1636
947,18
947,32
947,54
947,224
947,236
947,282
947,432
947,754
947,1564
949,3
949,16
949,26
949,34
949,224
949,304
949,314
949,872
949,898
949,1064
949,1566
952,18
952,32
952,236
952,282
952,432
956,420
956,428
956,460
956,730
959,186
959,526
961,418
961,420
961,422
961,426
961,428
961,434
961,436
961,730
963,90
963,1568
963,1570
963,1572
966,90
966,458
966,1574
966,1576
967,32
967,236
967,440
967,444
967,446
967,454
967,458
967,1568
970,1578
970,1580
970,1582
970,1584
972,90
972,738
972,1586
973,428
973,460
973,734
973,1550
973,1578
973,1580
973,1584
973,1588
975,32
975,236
975,280
975,412
975,420
975,442
975,452
975,456
975,460
975,1408
977,232
977,234
977,238
977,668
977,850
977,1590
978,666
979,112
979,170
979,172
979,248
979,258
979,554
979,666
979,738
979,1592
980,234
981,3
981,16
981,30
981,32
981,126
981,224
981,244
981,266
981,270
981,322
981,460
981,1408
982,126
982,244
982,248
982,266
982,270
982,428
982,792
983,3
983,12
983,16
983,30
983,32
983,102
983,128
983,244
983,282
983,378
983,1572
985,26
985,32
985,128
985,220
985,224
985,244
985,732
987,26
987,32
987,126
987,220
987,224
987,244
987,248
987,254
987,732
988,1594
989,244
989,248
989,262
989,266
989,268
989,270
989,428
990,244
990,248
990,262
990,266
990,268
990,270
990,428
991,244
991,248
991,262
991,266
991,268
991,270
991,428
992,128
992,270
992,1550
992,1596
993,260
993,266
993,270
993,428
993,832
994,260
994,266
994,270
994,284
994,832
995,244
995,260
995,262
995,270
995,428
995,1598
995,1600
995,1602
997,604
997,770
997,1604
997,1606
998,28
998,244
998,270
998,282
998,428
998,1623
1001,3
1001,128
1001,232
1001,248
1001,254
1001,270
1001,318
1001,426
1003,90
1003,248
1003,254
1003,276
1003,792
1003,842
1004,254
1004,792
1004,842
1009,248
1009,832
1012,268
1012,270
1018,242
1018,248
1021,3
1021,5
1021,220
1021,224
1021,244
1026,3
1026,254
1026,1637
1028,18
1028,282
1028,1620
1028,1621
1032,268
1055,1572
1056,1618
1075,16
1075,56
1075,60
1075,220
1075,490
1075,936
1075,942
1085,144
1085,146
1085,148
1086,8
1086,76
1086,134
1086,144
1089,3
1089,12
1089,16
1089,224
1100,14
1100,18
1100,220
1101,42
1101,980
1101,1622
1103,562
1103,1012
1105,1625
1105,1626
1116,14
1116,36
1116,38
1116,40
1116,42
1116,44
1116,220
1116,494
1118,626
1118,1633
1118,1634
1118,1635
1121,224
1121,256
1121,816
1126,40
1126,44
1126,128
1126,220
1126,224
1126,292
1126,740
1126,878
1128,26
1128,32
1128,44
1128,128
1128,220
1128,224
1128,362
1128,1610
1128,1612
1128,1614
1130,128
1130,382
1130,642
1130,650
1130,874
1131,184
1131,214
1131,218
1131,896
1132,378
1132,580
1132,672
1132,674
1132,1264
1133,14
1133,220
1133,492
1133,554
1133,686
1133,706
1133,716
1133,1534
1134,3
1134,14
1134,26
1134,38
1134,220
1134,304
1134,318
1134,344
1134,600
1135,38
1135,42
1135,90
1135,1056
1135,1627
1135,1628
1135,1629
1135,1630
1135,1631
1135,1632
