body_symptom_id,disease_id
1,71
1,87
1,93
1,118
1,119
1,122
1,367
1,376
1,492
1,577
1,645
1,646
1,665
1,668
1,677
1,680
1,689
1,705
1,1028
1,1035
1,1087
1,1100
1,1111
1,1113
1,1116
1,1121
1,1139
3,20
3,23
3,42
3,43
3,45
3,47
3,48
3,50
3,52
3,83
3,84
3,88
3,93
3,116
3,121
3,146
3,157
3,159
3,168
3,169
3,173
3,181
3,227
3,228
3,230
3,252
3,255
3,261
3,263
3,272
3,302
3,322
3,536
3,545
3,578
3,648
3,689
3,774
3,775
3,780
3,786
3,793
3,804
3,809
3,899
3,1035
3,1115
3,1140
6,20
6,23
6,42
6,43
6,45
6,47
6,48
6,50
6,52
6,83
6,84
6,88
6,93
6,116
6,121
6,146
6,157
6,159
6,168
6,169
6,173
6,181
6,227
6,228
6,230
6,252
6,255
6,261
6,263
6,272
6,302
6,322
6,536
6,545
6,578
6,648
6,689
6,774
6,775
6,780
6,786
6,793
6,804
6,809
6,899
6,1035
6,1115
6,1140
8,4
8,5
8,7
8,115
9,4
9,5
9,7
9,115
9,559
12,146
12,162
12,339
12,648
12,676
12,1111
13,10
13,20
13,34
13,45
13,47
13,50
13,52
13,83
13,84
13,88
13,93
13,117
13,121
13,143
13,146
13,157
13,159
13,166
13,168
13,169
13,171
13,173
13,175
13,181
13,189
13,212
13,227
13,228
13,252
13,255
13,261
13,272
13,302
13,322
13,475
13,492
13,536
13,577
13,578
13,648
13,661
13,689
13,768
13,774
13,780
13,786
13,790
13,793
13,804
13,809
13,899
13,1035
13,1089
13,1140
15,10
15,23
15,119
15,157
15,162
15,164
15,165
15,309
15,412
15,577
15,680
15,947
15,949
15,952
15,1028
15,1087
15,1100
15,1113
16,34
16,35
16,39
16,45
16,48
16,49
16,52
16,75
16,97
16,117
16,126
16,132
16,150
16,162
16,165
16,255
16,256
16,261
16,272
16,283
16,291
16,298
16,302
16,306
16,330
16,339
16,352
16,405
16,475
16,775
16,787
16,875
16,1132
16,1140
17,10
17,163
17,164
17,302
18,45
18,156
18,165
18,261
18,330
18,405
19,35
19,39
19,49
19,90
19,91
19,93
19,116
19,126
19,131
19,143
19,156
19,159
19,169
19,173
19,181
19,214
19,227
19,228
19,235
19,255
19,261
19,263
19,272
19,291
19,298
19,302
19,352
19,475
19,488
19,661
19,702
19,774
19,780
19,786
19,813
19,875
19,1124
22,11
22,25
22,47
22,91
22,115
22,116
22,117
22,146
22,159
22,167
22,168
22,170
22,175
22,177
22,181
22,194
22,218
22,235
22,236
22,246
22,255
22,536
22,710
22,824
22,907
22,915
22,947
22,949
22,1087
22,1128
22,1138
23,34
23,42
23,47
23,117
23,156
23,163
23,164
23,168
23,227
23,228
23,261
23,475
23,787
23,790
23,793
23,998
23,1112
24,34
24,39
24,44
24,45
24,48
24,97
24,168
24,169
24,170
24,171
24,173
24,255
24,261
24,330
24,775
24,780
24,786
24,787
24,793
24,809
24,1115
25,49
25,77
25,162
25,330
25,405
25,499
25,545
25,547
25,689
25,1087
26,477
26,499
26,505
26,524
26,556
26,1116
29,76
29,77
29,119
29,163
29,477
29,524
29,556
29,1116
30,34
30,49
30,83
30,117
30,155
30,156
30,162
30,330
30,405
30,488
30,499
30,774
30,1035
30,1111
30,1116
31,31
31,78
31,87
31,488
31,793
31,1101
31,1116
32,477
32,505
32,524
32,556
32,1116
33,76
33,77
33,119
33,163
33,477
33,524
33,556
33,1116
34,155
34,156
34,162
34,330
34,405
34,488
34,1035
34,1111
34,1116
35,10
35,150
35,155
35,156
35,492
35,499
35,731
35,1116
36,10
36,31
36,93
36,117
36,150
36,155
36,156
36,159
36,167
36,214
36,492
36,499
36,677
36,731
36,1116
36,1128
39,49
39,89
39,92
39,96
39,132
39,136
39,140
39,143
39,150
39,188
39,223
39,234
39,252
39,339
39,702
41,132
41,140
41,252
42,89
42,92
42,96
42,136
42,140
42,150
42,188
42,234
42,235
42,252
42,330
42,339
42,352
42,399
42,702
44,11
44,132
44,150
44,188
44,223
44,252
44,399
44,977
45,11
45,132
45,136
45,150
45,223
45,252
45,352
45,399
45,702
45,977
47,132
47,136
47,234
47,252
47,399
48,63
48,132
48,136
48,150
48,202
48,234
48,252
48,352
48,399
48,702
50,132
50,252
52,92
52,702
53,92
53,702
56,702
58,132
58,252
59,702
60,34
60,42
60,78
60,91
60,115
60,122
60,126
60,131
60,146
60,159
60,162
60,168
60,246
60,255
60,291
60,339
60,405
60,412
60,492
60,499
60,545
60,648
60,676
60,915
60,1089
60,1111
60,1128
61,48
61,87
61,166
61,259
61,446
61,536
61,545
61,569
61,573
61,1087
61,1113
62,49
62,75
62,89
62,117
62,131
62,132
62,150
62,155
62,156
62,228
62,252
62,272
62,291
62,298
62,302
62,339
62,352
62,367
62,405
62,499
62,505
62,545
62,774
62,793
62,1035
62,1111
62,1116
62,1121
62,1139
63,10
63,23
63,88
63,146
63,181
63,187
63,212
63,252
63,322
63,457
63,525
63,536
63,578
63,661
63,689
63,1087
63,1094
64,10
64,20
64,23
64,48
64,949
64,1035
65,10
65,126
65,127
65,157
65,309
65,676
65,677
65,684
65,699
65,878
65,907
65,949
67,10
67,49
67,72
67,124
67,125
67,157
67,309
67,664
67,676
67,677
67,684
67,699
67,949
69,127
69,131
69,676
69,677
69,873
69,878
69,885
69,907
69,918
74,124
74,125
74,127
74,677
74,878
75,10
75,72
75,126
75,157
75,163
75,309
75,676
75,677
75,684
75,699
75,926
75,949
76,10
76,72
76,124
76,125
76,157
76,676
76,677
76,684
76,699
76,949
79,676
79,677
80,127
80,131
80,873
80,878
80,885
80,888
80,907
80,918
80,921
81,126
81,127
81,130
81,878
81,888
82,10
82,126
82,127
82,130
82,163
82,878
85,126
85,127
85,878
85,888
85,907
87,126
87,127
87,873
87,878
89,878
91,127
91,878
91,888
91,921
95,126
95,127
95,873
95,878
95,888
97,10
97,126
99,127
99,131
99,873
99,878
99,888
99,918
99,921
101,4
101,10
101,23
101,45
101,71
101,78
101,118
101,122
101,146
101,181
101,212
101,367
101,376
101,378
101,578
101,661
101,668
101,677
101,689
101,907
101,1087
101,1139
104,167
104,175
104,780
105,167
105,780
106,214
106,575
106,689
109,689
110,689
111,689
112,689
113,689
115,689
116,212
117,212
117,689
118,212
118,689
119,212
119,689
120,212
120,689
121,212
121,689
122,212
122,689
123,212
123,689
124,165
125,155
125,156
125,1111
126,75
126,77
126,146
126,167
126,175
126,477
126,524
126,536
127,75
127,77
127,146
127,167
127,477
127,524
127,536
128,4
128,34
128,78
128,166
128,167
128,175
128,378
128,545
128,676
128,705
128,804
128,1035
128,1087
129,1087
131,10
131,47
131,159
131,165
131,166
131,181
131,415
133,10
133,47
133,159
133,165
133,166
133,181
133,415
134,87
134,536
134,575
134,689
136,330
136,405
138,75
138,78
138,146
138,156
138,181
138,272
138,457
138,484
138,488
138,1094
138,1116
140,76
140,146
140,155
140,484
140,488
140,525
140,1094
140,1101
141,75
141,78
141,146
141,156
141,484
141,488
141,1094
141,1116
142,76
142,146
142,155
142,484
142,488
142,525
142,1094
142,1101
143,77
143,87
143,93
143,131
143,536
143,577
143,648
143,689
143,1087
143,1089
143,1116
144,83
144,87
144,171
144,175
144,322
144,484
144,534
144,536
144,661
144,689
144,1087
144,1118
145,76
145,83
145,87
145,171
145,175
145,322
145,484
145,524
145,536
145,661
145,689
145,1087
146,76
146,87
146,322
146,484
146,524
146,536
146,1087
147,14
147,302
147,364
148,14
148,24
148,302
148,364
148,425
148,966
149,87
149,322
149,484
149,524
149,525
149,1089
150,87
150,322
150,484
150,524
150,525
150,1089
151,214
151,488
151,525
152,48
152,214
152,488
152,525
154,90
154,115
154,132
154,188
154,212
154,227
154,302
154,406
154,710
154,1138
155,108
155,560
156,870
157,167
157,870
158,870
158,899
159,167
160,49
160,75
160,156
160,164
160,165
161,49
161,75
161,156
161,164
161,165
161,267
161,330
161,405
161,413
161,1111
162,77
162,689
163,689
164,885
165,689
167,689
168,31
168,126
168,164
168,255
168,352
168,406
168,875
168,879
168,899
170,127
170,878
171,127
171,131
171,873
171,878
171,918
171,920
171,921
171,927
172,31
172,127
172,878
172,920
173,31
173,126
173,127
173,873
173,878
174,126
174,127
174,873
175,126
175,127
175,873
175,878
175,920
177,31
177,126
177,127
177,130
177,878
178,31
178,127
178,131
178,873
178,878
178,885
178,918
178,920
178,921
179,126
179,127
179,878
179,907
179,920
181,89
181,165
181,352
182,405
184,91
184,116
184,146
184,167
184,175
184,181
184,194
184,218
184,235
184,236
184,255
184,259
184,352
184,406
184,899
184,1124
185,25
185,34
185,46
185,90
185,92
185,115
185,125
185,126
185,135
185,140
185,166
185,169
185,189
185,212
185,214
185,228
185,252
185,711
185,822
185,915
185,992
185,1035
185,1124
186,11
186,42
186,47
186,60
186,63
186,93
186,113
186,116
186,130
186,131
186,139
186,140
186,141
186,143
186,146
186,157
186,160
186,169
186,173
186,202
186,212
186,214
186,227
186,235
186,252
186,536
186,702
186,710
186,714
186,780
186,786
186,915
186,918
186,949
186,982
186,1124
186,1128
186,1138
187,11
187,91
187,116
187,141
187,143
187,146
187,167
187,168
187,169
187,175
187,177
187,178
187,181
187,188
187,194
187,202
187,212
187,214
187,218
187,234
187,246
187,255
187,259
187,536
187,702
187,710
187,780
187,804
187,824
187,907
187,947
187,1128
187,1138
188,27
189,4
189,34
189,116
189,121
189,167
189,173
189,188
189,374
189,475
189,545
189,676
189,804
189,949
189,1086
189,1112
190,4
190,116
190,125
190,171
190,177
190,218
190,291
190,378
190,399
190,676
190,684
190,730
190,731
190,1086
190,1132
191,177
191,352
191,949
192,31
192,159
192,163
192,165
192,166
192,167
192,169
192,367
192,834
192,842
192,870
192,873
192,899
192,949
192,1112
192,1120
193,473
194,30
194,31
194,143
194,173
194,239
194,835
194,842
194,847
194,869
195,6
195,33
195,125
195,167
195,181
195,223
195,545
195,819
195,822
195,834
195,842
195,865
195,869
195,1085
195,1089
195,1107
195,1115
195,1119
195,1120
196,31
196,473
196,819
196,821
196,839
196,841
196,842
196,847
196,1085
196,1086
196,1107
197,4
197,6
197,30
197,31
197,45
197,47
197,49
197,132
197,139
197,150
197,165
197,173
197,223
197,239
197,255
197,266
197,339
197,834
197,839
197,841
197,842
197,865
197,869
197,875
197,1115
197,1119
197,1120
198,6
198,223
198,841
198,842
199,33
199,822
199,823
199,827
199,842
200,228
203,31
203,125
203,842
203,1119
203,1120
204,842
205,163
205,367
205,830
205,842
205,869
205,1120
207,30
207,31
207,150
207,181
207,194
207,239
207,821
207,835
207,839
207,847
207,873
207,875
207,1119
208,30
208,843
209,33
209,842
209,1119
210,203
210,399
211,33
211,842
211,1119
212,41
212,45
212,46
212,47
212,49
212,168
212,181
212,218
212,227
212,228
212,230
212,234
212,283
212,374
212,378
212,949
213,173
213,473
213,874
214,842
214,872
214,873
216,175
216,181
216,228
216,376
216,378
216,384
216,873
216,875
217,49
217,228
217,804
217,873
217,874
218,5
218,189
218,559
219,4
219,5
219,115
219,684
219,714
220,5
220,189
220,711
221,5
221,189
221,711
222,5
222,1132
223,5
223,1132
224,5
224,1132
226,7
226,10
226,163
226,181
226,339
226,825
226,907
233,8
233,89
233,90
233,91
233,92
233,168
233,212
233,235
233,236
233,708
233,709
233,710
233,1115
233,1124
233,1138
234,8
234,709
234,1115
234,1124
235,1124
236,8
236,89
236,90
236,91
236,92
236,140
236,168
236,234
236,235
236,236
236,708
236,709
236,1124
238,8
238,106
238,583
238,585
238,709
238,861
238,899
238,1115
238,1119
238,1124
239,8
239,84
239,106
239,208
239,560
239,606
239,709
239,905
239,1115
239,1119
239,1124
241,6
241,133
241,709
241,1115
241,1119
241,1124
242,90
242,91
242,708
242,709
242,1124
243,11
243,34
243,44
243,45
243,48
243,78
243,83
243,87
243,89
243,90
243,91
243,92
243,93
243,113
243,115
243,116
243,117
243,118
243,126
243,132
243,139
243,143
243,146
243,155
243,156
243,157
243,159
243,163
243,165
243,167
243,169
243,175
243,181
243,188
243,194
243,214
243,227
243,228
243,236
243,252
243,272
243,291
243,298
243,302
243,339
243,352
243,367
243,405
243,406
243,446
243,536
243,545
243,578
243,665
243,676
243,702
243,709
243,710
243,711
243,774
243,875
243,915
243,1035
243,1121
243,1124
243,1128
243,1138
243,1139
245,6
245,11
245,865
245,980
246,11
250,11
250,977
250,1025
251,298
252,298
253,298
254,298
256,11
256,298
256,977
257,11
257,114
257,298
257,823
257,977
257,980
258,10
258,71
258,78
258,83
258,84
258,88
258,89
258,90
258,91
258,102
258,132
258,146
258,167
258,212
258,235
258,236
258,322
258,505
258,536
258,545
258,577
258,578
258,661
258,668
258,689
258,702
258,705
258,708
258,709
258,823
258,1100
258,1111
258,1113
258,1116
258,1121
259,84
259,92
259,96
259,108
259,110
259,112
259,113
259,143
259,212
259,234
259,367
259,708
259,710
259,714
259,747
259,748
259,766
259,939
259,1138
259,1139
260,84
260,93
260,823
260,1128
261,84
261,123
261,223
261,406
261,823
261,825
261,899
261,907
261,915
261,1118
262,84
262,823
262,824
262,910
263,90
263,708
263,823
264,90
264,91
264,102
264,583
264,585
264,606
264,708
265,14
265,24
265,25
265,35
265,44
265,48
265,61
265,97
265,117
265,138
265,152
265,158
265,160
265,169
265,170
265,198
265,261
265,263
265,267
265,302
265,364
265,475
265,775
265,780
265,783
265,786
265,787
265,793
265,804
265,823
265,825
265,899
265,947
265,966
265,975
265,982
265,989
265,991
265,993
265,998
265,1001
265,1021
265,1025
265,1112
266,34
266,35
266,42
266,43
266,44
266,45
266,47
266,48
266,49
266,52
266,97
266,117
266,121
266,168
266,169
266,170
266,171
266,173
266,227
266,228
266,255
266,256
266,261
266,263
266,272
266,283
266,367
266,399
266,473
266,475
266,661
266,684
266,774
266,775
266,780
266,783
266,786
266,787
266,790
266,793
266,804
266,809
266,813
266,823
266,825
266,899
266,1112
266,1140
267,71
267,92
267,96
267,123
267,188
267,212
267,406
267,710
267,714
267,823
267,825
267,904
267,910
267,911
267,915
267,1138
268,71
268,84
268,127
268,823
268,824
268,878
268,904
268,910
268,911
269,50
269,52
269,71
269,84
269,92
269,115
269,116
269,118
269,119
269,121
269,122
269,123
269,131
269,164
269,223
269,291
269,330
269,376
269,399
269,545
269,661
269,664
269,665
269,668
269,676
269,677
269,711
269,714
269,730
269,785
269,823
269,825
269,1087
269,1111
269,1121
270,42
270,52
270,121
270,223
270,661
270,668
270,823
270,1140
271,823
271,825
271,915
271,927
272,127
272,131
272,873
272,878
272,888
272,918
272,920
272,921
272,927
273,126
273,127
273,823
273,873
273,878
274,31
274,71
274,126
274,127
274,545
274,873
274,874
274,878
274,888
274,1107
275,126
275,127
275,873
275,878
275,1107
276,71
276,823
276,825
276,915
276,927
277,31
277,71
277,127
277,823
277,825
277,878
277,888
277,915
277,920
277,921
278,878
279,823
279,825
280,71
280,126
280,127
280,823
280,873
280,878
280,920
281,823
281,912
282,71
282,72
282,84
282,119
282,124
282,125
282,181
282,699
282,823
282,825
282,912
282,915
282,1114
283,912
283,926
283,1107
283,1108
284,31
284,84
284,126
284,127
284,130
284,853
284,878
284,888
284,1107
285,71
285,72
285,84
285,126
285,1107
286,31
286,71
286,84
286,124
286,125
286,127
286,138
286,181
286,823
286,825
286,878
286,912
286,1113
287,31
287,127
287,131
287,873
287,878
287,885
287,888
287,907
287,918
287,920
287,921
288,71
288,72
288,84
288,119
288,124
288,125
288,699
288,701
288,823
288,825
288,915
288,1113
289,126
289,127
289,699
289,825
289,878
289,888
289,907
289,912
289,920
290,25
290,60
290,61
290,135
290,138
290,158
290,781
290,823
290,884
290,966
290,975
290,982
291,31
291,71
291,84
291,127
291,131
291,823
291,878
291,884
291,888
291,905
291,907
291,910
291,918
291,920
291,1113
292,61
292,71
292,84
292,98
292,138
292,170
292,798
292,799
292,803
292,823
292,824
292,825
292,912
293,14
293,21
293,24
293,39
293,60
293,61
293,62
293,63
293,137
293,138
293,152
293,160
293,198
293,302
293,305
293,306
293,364
293,899
293,956
293,966
293,982
293,989
293,991
293,992
293,993
293,994
293,995
293,998
293,1001
293,1010
293,1012
293,1021
293,1028
293,1110
294,14
294,24
294,25
294,61
294,71
294,117
294,135
294,137
294,138
294,152
294,158
294,159
294,160
294,198
294,240
294,267
294,302
294,305
294,364
294,823
294,884
294,947
294,956
294,975
294,981
294,982
294,989
294,991
294,993
294,998
294,1021
294,1025
295,25
295,31
295,68
295,69
295,71
295,84
295,87
295,127
295,157
295,300
295,878
295,905
295,908
295,910
295,913
295,914
295,947
295,998
295,1113
296,31
296,68
296,69
296,71
296,84
296,87
296,127
296,223
296,878
296,905
296,908
296,910
296,914
297,14
297,45
297,68
297,69
297,71
297,84
297,117
297,123
297,157
297,158
297,159
297,175
297,181
297,223
297,300
297,302
297,823
297,824
297,905
297,913
297,914
297,915
297,947
297,952
297,998
297,1028
297,1113
298,11
298,89
298,132
298,136
298,178
298,252
298,291
298,330
298,339
298,352
298,399
299,117
299,132
299,150
299,352
300,115
300,117
300,132
300,150
300,159
300,230
300,291
300,309
300,339
300,352
300,899
301,6
301,31
301,131
301,132
301,136
301,139
301,140
301,141
301,143
301,167
301,168
301,173
301,175
301,181
301,223
301,234
301,255
301,259
301,266
301,384
301,399
301,473
301,827
301,834
301,839
301,842
301,847
301,865
301,873
301,875
301,1115
301,1120
302,21
302,39
302,133
302,135
302,137
302,138
302,202
302,240
302,267
302,899
302,956
302,970
302,973
302,991
302,993
302,994
302,995
302,1010
302,1111
303,39
303,61
303,133
303,135
303,137
303,138
303,159
303,198
303,202
303,240
303,267
303,956
303,970
303,973
303,993
303,994
303,995
303,1010
304,21
304,39
304,135
304,138
304,240
304,989
304,993
304,994
304,995
305,14
305,21
305,24
305,62
305,137
305,138
305,152
305,198
305,240
305,302
305,364
305,981
305,989
305,991
305,992
305,993
305,994
305,995
305,998
305,1001
305,1010
305,1012
305,1110
306,61
306,137
306,138
306,158
306,159
306,160
306,198
306,240
306,305
306,956
306,982
306,989
306,995
307,61
307,135
307,138
307,159
307,160
307,198
307,240
307,267
307,956
307,970
308,39
308,63
308,135
308,240
308,970
308,973
308,989
309,240
309,970
309,973
310,34
310,91
310,113
310,143
310,167
310,235
310,710
310,767
310,775
310,786
310,1138
311,6
311,133
311,141
311,861
312,6
312,141
312,143
312,223
312,265
312,861
312,1120
313,208
314,133
315,141
316,6
316,141
316,223
316,861
317,6
317,141
317,223
317,1115
317,1120
318,6
318,141
318,865
319,6
319,141
319,223
319,865
319,1120
320,6
320,141
320,1120
321,143
321,865
321,1115
322,141
322,1115
323,6
323,140
323,141
323,143
323,1120
324,6
324,141
324,834
324,865
324,1115
324,1120
325,6
325,141
325,834
325,865
325,1115
325,1120
326,6
326,1115
326,1120
327,6
328,6
328,141
328,223
328,1115
328,1120
329,6
329,141
329,143
329,1115
329,1120
330,6
330,133
330,141
330,202
330,1120
331,133
331,202
331,973
332,6
332,133
332,141
332,202
332,384
332,834
332,1120
333,6
333,133
333,140
333,141
333,143
333,202
333,865
333,1120
334,6
334,133
334,141
334,202
334,384
334,834
334,1120
335,6
335,140
335,141
335,384
335,1120
336,6
336,384
336,834
336,1120
337,6
337,141
337,834
337,1120
338,6
338,834
338,1120
339,6
340,6
340,140
340,141
340,223
340,384
340,865
340,1120
341,6
341,223
342,6
343,141
344,6
344,141
344,865
344,1115
344,1120
345,6
345,133
345,140
345,141
345,202
345,384
345,834
345,836
345,865
345,1120
346,6
346,140
346,384
346,1120
347,6
347,141
347,384
347,834
347,1120
349,6
349,141
349,834
349,1115
349,1120
350,6
350,141
350,865
350,1115
350,1120
351,6
351,141
351,834
351,1120
352,6
352,1115
352,1120
353,6
353,865
354,6
354,865
354,1120
355,6
355,1120
356,865
356,1115
357,1115
358,6
358,1120
359,6
359,834
359,865
359,1115
359,1120
360,6
360,834
360,865
360,1115
360,1120
361,6
361,1115
361,1120
362,6
362,1109
363,6
363,223
363,1115
363,1120
364,6
364,1115
364,1120
365,6
365,133
365,137
365,202
365,991
365,1120
366,6
366,133
366,202
366,1120
367,6
367,133
367,202
367,865
367,1120
368,6
368,133
368,202
368,834
368,1120
369,6
369,1120
370,6
370,834
370,1120
371,6
371,834
371,1120
372,6
372,834
372,1120
373,6
373,1109
374,6
374,223
374,865
374,1120
375,6
375,223
376,6
378,6
378,339
378,865
378,1115
378,1120
379,6
379,133
379,202
379,263
379,834
379,836
379,865
379,1120
380,6
380,1120
381,6
381,834
381,1120
382,6
382,834
382,1115
382,1120
383,6
383,339
383,865
383,1115
383,1120
384,6
384,834
384,1120
385,6
385,32
385,165
385,223
385,265
385,861
385,1108
385,1120
386,93
387,6
387,84
387,165
387,223
387,702
387,825
387,861
387,873
387,907
388,6
388,223
388,825
388,1115
388,1120
389,6
389,223
389,865
389,1120
390,6
390,825
390,878
390,920
390,921
390,1120
391,702
391,825
391,863
391,865
391,1115
392,878
392,1115
393,6
393,131
393,878
393,920
393,921
393,1120
394,6
394,825
394,834
394,865
394,1115
394,1120
395,6
395,126
395,834
395,865
395,878
395,920
395,1115
395,1120
396,6
396,49
396,228
396,878
396,1107
396,1115
396,1120
397,6
397,126
397,692
397,878
397,1107
397,1109
398,6
398,223
398,825
398,1115
398,1120
399,6
399,819
399,825
399,1115
399,1120
400,6
400,1120
401,6
401,131
401,819
401,834
401,878
401,907
401,920
401,1120
402,6
402,702
402,819
402,863
402,865
402,1120
403,6
403,124
403,125
403,819
403,825
403,834
403,878
403,1120
404,6
404,131
404,878
404,907
404,920
404,921
404,1120
405,6
405,124
405,125
405,825
405,834
405,1120
406,6
406,126
406,825
406,834
406,878
406,907
406,920
406,1120
407,6
407,126
407,834
407,1107
407,1120
408,6
408,126
408,130
408,692
408,853
408,878
408,1107
408,1109
409,6
409,223
409,824
409,865
409,1120
410,6
410,223
410,878
411,6
411,878
412,824
413,6
413,819
413,824
413,865
413,878
413,1115
413,1120
414,6
414,803
414,824
414,825
414,834
414,836
414,865
414,1120
415,6
415,1120
416,6
416,124
416,125
416,825
416,834
416,1120
417,926
417,1107
418,6
418,126
418,834
418,878
418,1115
418,1120
419,6
419,702
419,819
419,825
419,865
419,1115
419,1120
420,6
420,825
420,834
420,1120
421,8
421,84
421,91
421,92
421,96
421,115
421,116
421,131
421,140
421,141
421,168
421,188
421,189
421,212
421,235
421,236
421,291
421,339
421,399
421,684
421,710
421,711
421,714
421,730
421,1115
421,1124
421,1132
421,1138
422,91
422,92
422,96
422,115
422,116
422,131
422,141
422,189
422,212
422,235
422,291
422,339
422,399
422,684
422,711
422,714
422,730
422,1132
423,91
423,92
423,96
423,115
423,116
423,131
423,141
423,188
423,189
423,212
423,235
423,291
423,339
423,399
423,684
423,710
423,711
423,714
423,730
423,1132
423,1138
424,7
424,10
424,163
424,708
424,709
424,1115
424,1124
425,7
425,10
425,181
425,223
425,259
425,1121
426,7
426,90
426,106
426,157
426,159
426,163
426,181
426,208
426,259
426,583
426,606
426,708
426,861
426,1115
426,1119
426,1124
427,10
427,113
427,163
427,767
427,873
427,939
427,1115
430,223
430,825
430,1115
431,11
431,114
431,980
432,223
433,127
433,825
433,878
433,888
433,921
434,825
434,1115
435,878
435,1115
436,127
436,131
436,873
436,878
436,888
436,918
436,921
437,10
437,163
437,339
437,825
437,1115
438,10
438,126
438,127
438,163
438,873
438,878
438,1115
439,10
439,126
439,127
439,163
439,339
439,873
439,878
439,1115
440,10
440,126
440,127
440,163
440,339
440,873
440,874
440,878
441,825
441,1115
442,825
442,1115
444,60
444,63
444,137
444,198
444,970
444,973
444,992
453,822
453,874
453,1115
457,824
458,127
458,181
458,339
458,824
458,878
458,1115
463,10
463,126
463,127
463,163
463,339
463,873
463,878
463,1115
464,4
464,7
464,10
464,181
464,339
464,406
464,825
464,1115
464,1128
465,825
467,34
467,39
467,42
467,43
467,44
467,45
467,47
467,48
467,121
467,166
467,169
467,173
467,228
467,263
467,475
467,785
467,786
467,787
467,790
467,793
467,804
467,813
467,1112
468,39
468,42
468,44
468,45
468,47
468,166
468,169
468,173
468,228
468,263
468,475
468,785
468,786
468,787
468,790
468,793
468,804
468,813
468,1001
468,1112
469,35
469,39
469,42
469,45
469,47
469,49
469,227
469,228
469,263
469,786
469,787
469,790
469,804
469,1115
470,98
470,138
470,798
470,799
470,803
471,35
471,44
471,97
471,98
471,117
471,172
471,275
471,799
471,803
472,98
472,803
473,24
473,61
473,98
473,136
473,170
473,275
473,798
473,799
473,803
474,49
474,181
474,228
474,352
474,367
474,376
474,382
475,138
475,152
475,300
475,382
475,1025
475,1026
475,1032
476,98
476,136
476,275
476,798
477,98
478,92
478,96
478,143
478,212
478,710
478,714
478,1138
479,92
479,96
479,188
479,212
479,710
479,714
479,1138
480,92
480,163
480,166
480,171
480,188
480,235
480,291
480,330
480,684
480,710
480,711
480,714
480,899
480,1124
480,1138
481,50
481,92
481,96
481,188
481,234
481,710
481,714
481,768
481,939
481,1138
482,92
482,96
482,188
482,710
482,714
482,1138
484,113
484,133
484,367
484,766
484,1139
485,6
485,61
485,133
485,135
485,137
485,138
485,159
485,160
485,198
485,202
485,240
485,267
485,956
486,6
486,133
486,202
487,6
487,133
487,202
488,6
488,133
488,202
489,6
489,133
489,202
491,133
491,202
492,133
492,202
493,133
493,202
494,133
494,202
495,133
495,202
496,133
496,202
497,6
497,133
498,71
498,127
498,878
498,888
498,915
498,920
498,921
499,71
499,126
499,127
499,873
499,878
499,920
501,127
501,873
501,878
501,885
501,888
501,920
501,921
502,126
502,127
502,878
502,888
502,920
503,71
503,127
503,878
503,905
503,910
503,914
504,71
504,127
504,878
504,905
504,910
504,913
504,914
506,49
506,71
506,126
506,127
506,873
506,874
506,878
506,888
506,923
507,71
510,71
511,71
513,71
513,692
513,874
513,1111
513,1113
514,71
514,84
514,912
516,71
516,84
516,699
517,699
517,912
518,71
518,84
518,699
519,84
519,692
519,1111
519,1113
520,912
521,84
521,699
521,912
524,71
524,127
524,878
524,904
524,910
524,911
525,71
525,904
525,910
525,911
525,915
526,71
526,127
526,911
527,71
527,911
528,71
528,119
528,645
528,1116
529,71
529,93
529,367
529,376
529,634
529,646
529,1028
530,34
530,71
530,84
530,121
530,122
530,123
530,164
530,330
530,399
530,545
530,661
530,665
530,676
530,681
530,1087
530,1111
530,1121
531,45
531,68
531,71
531,84
531,123
532,71
532,119
532,121
532,164
532,291
532,399
532,492
532,665
533,71
533,908
534,14
534,71
534,84
534,157
534,158
534,159
534,175
534,181
534,300
534,302
534,913
534,914
534,947
534,952
534,998
534,1028
535,25
535,71
535,300
535,914
535,947
535,998
536,71
536,905
536,913
536,914
536,915
537,89
537,171
537,569
537,708
537,709
538,275
538,1112
539,1112
540,1112
541,39
541,165
541,367
541,446
541,899
541,1139
542,34
542,47
542,91
542,92
542,96
542,159
542,165
542,169
542,171
542,173
542,263
542,475
542,492
542,780
542,804
542,899
542,1124
543,165
543,415
544,20
544,87
544,100
544,102
544,105
544,165
544,399
544,473
544,577
544,578
544,624
544,625
544,630
544,631
544,905
547,5
547,96
547,115
547,116
547,117
547,189
547,228
547,235
547,236
547,291
547,475
547,711
547,714
547,1124
548,5
548,96
548,115
548,116
548,117
548,189
548,235
548,291
548,475
548,711
548,714
549,5
549,96
549,115
549,116
549,117
549,189
549,235
549,291
549,475
549,711
549,714
550,5
550,92
550,115
550,116
550,118
550,121
550,122
550,131
550,164
550,171
550,291
550,367
550,374
550,376
550,399
550,475
550,664
550,665
550,676
550,677
550,684
550,730
550,731
550,1087
550,1100
550,1121
550,1132
550,1139
551,5
551,92
551,115
551,116
551,118
551,121
551,122
551,131
551,164
551,171
551,291
551,367
551,374
551,376
551,399
551,475
551,664
551,665
551,676
551,677
551,730
551,731
551,1087
551,1100
551,1121
551,1132
552,5
552,92
552,115
552,116
552,118
552,122
552,131
552,164
552,171
552,291
552,367
552,374
552,376
552,399
552,475
552,664
552,665
552,676
552,677
552,684
552,730
552,731
552,1087
552,1100
552,1121
552,1132
553,45
553,52
553,91
553,119
553,121
553,122
553,123
553,291
553,664
553,665
553,714
553,1140
554,139
555,295
555,363
556,45
556,52
556,1140
557,42
557,45
557,46
557,47
557,49
557,173
557,227
557,228
557,230
557,255
557,256
557,664
557,684
557,809
558,44
558,45
558,47
558,52
558,121
558,173
558,272
558,283
558,775
558,780
558,790
558,804
558,1140
559,45
559,77
559,87
559,187
560,45
560,786
562,24
562,45
562,48
562,97
562,272
562,298
562,364
562,786
562,873
562,949
562,1026
563,45
563,121
563,730
563,786
565,117
565,177
565,291
566,56
566,117
566,137
566,138
566,158
566,160
566,305
566,309
566,378
566,382
566,947
566,952
567,117
567,157
567,949
568,126
568,136
568,399
569,34
569,52
569,272
569,661
569,775
569,1140
570,34
570,50
570,77
570,84
570,113
570,214
570,767
570,775
570,1035
570,1087
570,1118
571,34
571,39
571,42
571,43
571,47
571,50
571,173
571,228
571,661
571,768
571,774
571,775
571,785
571,793
571,899
572,34
573,34
573,43
573,50
573,52
573,121
573,768
573,774
573,785
573,1140
574,34
575,34
576,34
576,42
576,43
576,47
576,49
576,228
576,272
576,399
576,809
577,34
577,43
577,272
577,775
578,34
578,35
578,39
578,44
578,166
578,786
578,813
579,35
579,39
579,44
579,166
579,786
579,813
580,75
580,78
580,146
580,163
580,212
580,322
580,505
580,536
580,577
580,578
580,677
580,705
580,731
580,1035
580,1087
581,34
581,75
581,78
581,146
581,159
581,163
581,188
581,212
581,322
581,505
581,536
581,578
581,677
581,705
581,731
581,793
581,1035
581,1087
582,34
582,121
582,774
583,34
583,43
583,272
584,56
584,61
584,137
584,138
584,158
584,159
584,160
584,198
584,267
584,302
584,305
584,415
584,956
584,975
584,981
584,989
584,993
584,998
584,1055
584,1111
589,31
590,31
591,31
591,127
591,131
591,878
591,884
591,918
591,920
592,31
592,127
592,878
593,31
593,367
593,1109
593,1139
594,31
594,163
594,367
594,473
594,1139
595,31
595,1108
595,1109
596,31
597,56
597,61
597,62
597,305
597,1055
598,56
598,61
598,305
599,56
599,61
599,87
599,305
600,61
600,138
600,267
600,972
600,1110
601,60
601,61
601,63
601,138
601,267
601,305
601,975
602,61
603,61
603,137
603,138
603,198
603,267
603,956
603,975
604,61
604,138
604,413
605,116
605,399
606,116
606,399
606,692
606,874
607,692
612,648
612,689
612,1111
613,689
614,689
615,689
616,77
616,689
618,77
618,162
618,330
618,405
618,545
618,689
619,77
619,162
619,330
619,405
619,545
619,689
621,77
621,689
622,77
622,689
623,77
623,162
623,330
623,405
623,545
623,689
624,87
624,536
624,577
624,631
624,633
624,689
625,322
625,473
625,536
625,661
625,689
626,88
626,689
627,689
628,689
631,83
631,105
631,146
631,208
631,330
631,606
631,661
631,689
631,899
632,41
632,47
632,181
632,218
632,227
632,228
632,230
632,374
632,378
633,35
633,47
633,173
633,227
633,228
633,230
633,774
633,793
634,6
634,265
634,1120
635,265
636,878
637,127
637,873
637,878
637,888
637,920
637,921
638,915
639,126
639,127
639,873
639,878
639,923
640,65
640,127
640,878
640,884
640,888
640,920
641,127
641,878
642,915
643,72
643,126
644,126
644,127
644,130
644,878
644,888
645,126
645,127
645,873
645,878
646,915
647,76
647,77
647,155
647,156
647,488
647,1111
648,76
648,155
648,156
648,214
648,488
648,1111
649,127
649,888
651,127
651,873
651,888
652,126
652,127
652,873
653,126
653,127
653,412
653,873
654,126
654,127
654,873
654,874
654,888
655,127
655,884
655,888
656,127
657,127
657,873
657,885
657,888
657,918
658,126
658,127
658,888
659,126
659,127
659,130
659,888
660,127
660,905
661,127
661,905
662,127
663,126
663,127
663,412
663,873
664,127
664,920
666,127
666,920
667,127
667,920
668,127
669,127
670,127
670,884
670,920
671,127
672,127
672,885
672,920
673,127
673,920
674,127
675,127
676,127
677,127
678,113
678,136
678,767
678,873
679,136
679,175
679,177
679,821
680,113
680,141
680,143
680,188
680,234
680,235
680,766
680,819
680,873
680,899
680,939
680,1124
681,130
681,853
689,1108
689,1109
690,1108
690,1109
691,473
691,870
691,1109
692,870
692,1109
693,1108
693,1109
694,1109
695,44
695,158
695,775
695,780
695,804
695,982
695,1021
695,1025
696,78
696,118
696,119
696,122
696,131
696,162
696,163
696,166
696,171
696,175
696,214
696,374
696,405
696,492
696,499
696,545
696,648
696,664
696,668
696,680
696,681
696,730
696,731
696,780
696,804
696,1035
696,1087
696,1089
696,1111
696,1128
698,977
698,980
699,114
699,298
699,413
699,977
699,980
701,84
701,123
701,223
701,1118
702,102
702,606
702,905
703,84
703,223
704,84
704,910
704,1113
705,84
705,912
705,1113
706,84
706,1113
707,84
708,84
709,84
709,158
709,223
709,913
709,914
709,1113
710,84
710,87
710,910
710,913
710,914
710,1113
711,84
711,912
712,84
712,912
712,1114
713,84
714,84
714,912
715,84
715,910
716,84
716,910
717,84
717,87
717,223
717,910
717,914
718,84
718,93
719,123
719,910
720,14
720,21
720,24
720,25
720,152
720,302
720,364
720,425
720,981
720,989
720,1001
720,1025
721,10
721,14
721,21
721,25
721,152
721,198
721,300
721,302
721,981
721,989
721,1004
721,1010
721,1012
721,1025
721,1032
722,47
722,364
723,47
723,49
723,227
723,228
723,283
724,20
724,47
724,49
724,227
724,228
724,283
724,949
725,39
725,44
725,786
726,35
726,44
726,97
726,170
726,172
726,275
726,793
726,803
727,44
727,169
727,263
727,275
727,803
728,44
728,170
728,171
728,790
729,44
729,152
729,170
729,172
729,364
729,1025
730,76
730,78
730,155
730,492
730,793
730,1111
731,75
731,88
731,155
731,492
732,75
732,88
732,155
732,492
733,155
733,1101
734,155
734,499
734,1101
735,118
735,155
735,1111
736,118
736,155
736,1111
737,155
737,492
738,155
738,167
738,492
739,155
740,155
741,155
742,155
743,155
744,155
745,155
745,1101
746,72
746,88
746,699
746,701
746,1114
747,72
747,88
747,166
747,699
748,106
748,585
748,606
748,861
748,899
749,6
749,699
750,6
750,699
751,6
751,699
752,72
752,124
752,699
752,701
753,699
754,72
754,124
754,699
755,699
756,699
757,699
758,699
758,701
759,699
760,699
761,93
761,1128
762,93
762,322
762,560
762,577
762,634
762,645
762,646
762,899
763,93
763,1119
764,93
764,634
764,646
766,93
767,8
767,89
767,90
767,168
767,212
767,235
767,236
767,708
767,709
767,1124
768,175
768,214
768,484
768,1087
768,1094
769,76
769,146
769,175
769,214
769,484
769,1094
770,484
771,484
772,49
772,484
773,484
773,525
773,527
774,484
774,525
774,527
775,77
775,484
775,525
776,77
776,484
777,484
778,525
779,525
780,525
780,1111
781,525
782,525
782,1111
783,525
784,525
787,525
787,527
788,524
788,525
788,1064
789,457
789,524
789,525
789,1064
790,89
790,559
791,68
791,69
791,73
791,573
792,68
792,69
792,73
792,573
793,73
793,904
795,73
796,545
796,546
797,536
797,545
797,546
798,536
798,545
798,546
799,536
799,545
799,546
800,536
800,545
800,546
801,536
801,545
801,546
802,536
802,545
802,546
803,536
803,545
803,546
804,536
804,545
804,546
805,536
805,545
805,546
806,536
806,545
806,546
807,536
807,545
807,546
808,536
808,545
808,546
809,536
809,545
809,546
810,536
810,545
810,546
811,102
811,545
811,632
812,5
812,118
812,119
812,121
812,164
812,291
812,399
812,681
813,118
813,119
813,405
813,676
814,118
814,668
814,681
815,158
815,159
815,181
815,914
816,159
817,167
817,178
817,181
817,218
817,227
817,228
817,234
817,246
817,252
817,256
817,374
817,907
818,39
818,108
818,110
818,112
818,227
818,228
818,745
818,767
819,228
820,42
820,228
821,228
821,861
822,228
822,861
823,228
824,228
825,228
826,228
827,228
828,228
832,228
833,8
833,92
833,96
833,140
833,188
833,236
833,711
833,714
833,1124
835,1120
836,1120
838,1120
839,1120
841,163
841,830
841,1120
842,367
842,1120
843,1120
844,830
844,1120
845,1120
846,1120
847,1120
848,1120
849,1120
850,1120
851,830
851,1120
852,367
852,1120
853,1120
854,830
854,1120
855,1120
856,1120
857,136
857,1120
858,1120
859,1120
860,1120
861,1120
862,32
862,1120
863,1119
863,1120
864,1120
865,1120
867,830
867,1120
868,1120
869,1120
870,830
870,1120
871,1120
872,1120
873,1120
874,1120
875,1120
876,125
876,1120
877,830
877,1120
878,125
878,1120
879,1120
880,830
880,1120
881,1119
881,1120
882,1119
882,1120
883,1120
884,1120
885,125
885,1120
886,1120
887,1119
887,1120
888,1120
889,870
889,1120
890,870
890,1120
891,870
891,1120
892,870
892,1120
894,870
894,1120
895,367
895,834
895,870
895,1120
896,834
896,870
896,1120
897,870
897,1120
898,870
898,1120
899,870
899,1120
900,870
900,1120
901,834
901,870
901,1120
902,870
902,1120
903,834
903,870
903,912
903,1120
904,870
904,1120
905,367
905,834
905,870
905,1120
906,834
906,870
906,912
906,1120
907,834
907,870
907,1120
908,870
908,1120
909,870
909,1120
910,834
910,870
910,912
910,1120
911,870
911,912
911,1120
912,834
912,870
912,912
912,1120
913,834
913,870
913,1120
914,870
914,1120
915,834
915,870
915,1120
916,25
916,137
916,138
916,152
916,198
916,267
916,300
916,981
916,982
916,991
916,992
916,993
916,994
916,995
916,1010
917,499
917,1111
918,1111
919,1111
919,1114
920,163
920,1111
921,119
921,162
921,676
921,681
921,1111
922,92
922,96
922,171
922,406
922,492
922,714
923,92
923,96
923,406
923,714
923,1111
924,1111
925,1111
926,330
926,405
926,488
926,793
926,1111
926,1116
927,75
927,505
927,676
927,1111
927,1121
928,1107
929,1107
930,1107
931,1107
932,1107
933,20
933,157
933,175
933,181
933,378
933,947
933,949
934,143
934,367
934,1139
935,143
935,167
936,32
936,143
936,835
936,1108
940,143
940,835
942,143
951,143
951,835
961,835
968,8
968,91
968,106
968,140
968,141
968,168
968,181
968,208
968,473
968,583
968,606
968,709
968,899
968,1115
968,1119
968,1124
969,92
969,140
969,150
969,188
969,234
969,235
969,252
969,330
969,339
969,352
969,399
970,194
971,194
971,1119
972,194
972,1119
973,194
973,1119
974,1119
976,194
977,835
980,194
984,194
987,194
988,194
989,194
989,835
990,194
991,194
992,194
993,194
995,1119
997,1119
998,835
999,194
1000,194
1001,194
1002,1119
1003,194
1004,908
1004,914
1005,908
1005,914
1006,10
1006,24
1006,25
1006,152
1006,300
1006,302
1006,1004
1006,1010
1006,1012
1006,1025
1007,295
1008,295
1009,295
1010,295
1011,75
1012,75
1013,75
1014,88
1015,88
1016,88
1017,88
1018,88
1019,88
1020,88
1021,72
1021,88
1021,1114
1022,88
1023,88
1024,88
1025,87
1025,88
1025,305
1025,532
1025,998
1026,88
1026,275
1026,998
1027,6
1027,168
1027,873
1027,1089
1027,1094
1027,1124
1042,819
1044,819
1045,819
1046,819
1052,819
1053,836
1057,819
1061,6
1061,1119
1062,6
1062,223
1064,6
1064,223
1065,6
1065,50
1065,223
1066,6
1067,6
1067,223
1068,6
1071,6
1072,6
1073,6
1074,6
1075,6
1076,6
1076,223
1077,6
1078,6
1079,6
1080,6
1081,6
1081,223
1082,6
1082,223
1083,6
1085,6
1086,6
1087,6
1088,6
1089,6
1090,361
1090,399
1091,361
1092,361
1093,361
1094,361
1095,361
1096,361
1097,361
1098,361
1099,361
1100,361
1101,361
1102,361
1104,361
1105,361
1106,361
1107,361
1108,361
1109,361
1110,361
1111,361
1112,361
1113,361
1114,361
1115,361
1116,361
1117,119
1117,1114
1118,119
1119,823
1119,861
1120,32
1120,823
1120,861
1121,823
1122,823
1122,861
1123,823
1124,823
1125,823
1126,823
1127,823
1127,863
1129,266
1129,823
1130,823
1131,823
1132,823
1133,823
1134,823
1134,863
1135,823
1136,823
1137,823
1137,824
1138,823
1138,824
1139,823
1139,824
1140,823
1140,824
1141,823
1142,823
1143,266
1143,823
1144,823
1145,823
1146,121
1146,122
1146,123
1146,164
1146,665
1146,668
1146,730
1147,121
1147,122
1147,123
1147,164
1147,223
1147,665
1147,668
1147,730
1148,136
1149,136
1149,970
1150,136
1151,136
1152,136
1153,136
1154,136
1155,136
1156,136
1157,136
1159,39
1159,136
1159,367
1159,766
1159,1139
1160,136
1161,425
1161,1001
1161,1018
1161,1025
1162,76
1162,556
1163,76
1163,556
1164,477
1164,524
1164,556
1165,477
1165,524
1165,556
1166,556
1167,556
1168,556
1169,556
1170,76
1170,322
1170,556
1170,1087
1170,1089
1171,20
1171,23
1171,105
1171,171
1171,367
1171,376
1171,617
1171,1028
1171,1100
1171,1139
1172,83
1172,105
1172,536
1173,87
1173,100
1173,105
1173,157
1173,171
1173,399
1173,569
1173,624
1173,625
1174,102
1174,105
1175,102
1175,105
1176,105
1176,631
1177,87
1177,105
1177,171
1177,252
1177,322
1177,536
1177,569
1177,630
1177,633
1177,1118
1178,105
1178,171
1178,624
1179,266
1179,834
1180,266
1181,266
1182,266
1182,823
1183,266
1184,33
1184,1119
1185,32
1186,33
1187,32
1188,870
1188,1119
1189,32
1189,861
1190,1119
1191,1119
1192,1119
1193,1119
1194,32
1195,1119
1196,1119
1197,1119
1198,1119
1199,1119
1200,1119
1201,861
1201,1119
1202,861
1202,1119
1204,1119
1205,1119
1206,99
1206,163
1206,367
1206,446
1206,1108
1206,1139
1207,585
1207,861
1207,1119
1209,834
1210,834
1211,834
1213,834
1214,834
1215,834
1216,834
1217,263
1217,834
1218,834
1219,834
1220,834
1221,87
1221,92
1221,171
1221,187
1221,188
1221,291
1221,330
1221,367
1221,569
1221,768
1221,899
1221,1118
1221,1139
1222,92
1222,171
1222,188
1222,291
1222,330
1222,569
1223,87
1223,146
1223,171
1223,536
1223,621
1223,661
1224,146
1224,181
1224,212
1224,536
1225,536
1225,546
1226,167
1226,178
1226,218
1226,234
1226,246
1226,252
1226,339
1226,352
1226,374
1226,399
1226,813
1226,907
1227,364
1228,364
1229,49
1229,214
1229,263
1229,298
1229,302
1229,352
1229,786
1229,875
1230,49
1230,664
1230,809
1231,49
1231,108
1231,112
1231,218
1231,376
1231,445
1231,745
1231,747
1231,1130
1232,49
1233,49
1234,49
1234,813
1235,49
1235,813
1236,49
1238,49
1238,475
1239,781
1240,158
1240,781
1240,982
1241,5
1241,189
1241,711
1242,42
1242,121
1243,214
1244,214
1245,78
1245,83
1245,167
1245,578
1245,661
1246,83
1246,661
1247,83
1248,87
1248,1113
1249,87
1249,1113
1250,87
1250,1113
1251,87
1251,1113
1252,87
1252,1113
1253,87
1253,912
1253,1113
1254,87
1254,1113
1255,912
1255,1113
1256,1113
1257,1113
1258,87
1258,912
1258,1113
1259,87
1259,1113
1260,87
1260,1113
1261,904
1262,904
1266,904
1267,560
1267,904
1268,904
1269,189
1269,559
1270,189
1270,559
1271,110
1272,108
1272,110
1272,112
1272,708
1272,747
1272,748
1272,939
1273,108
1273,110
1274,32
1275,102
1276,163
1276,830
1276,1108
1277,87
1277,163
1277,477
1277,524
1277,536
1277,1094
1278,87
1278,163
1278,457
1278,477
1278,524
1278,536
1278,1094
1279,114
1279,163
1279,306
1279,413
1280,99
1280,367
1280,1108
1280,1139
1281,99
1282,100
1282,624
1282,625
1283,585
1283,625
1284,884
1285,884
1285,885
1290,129
1290,446
1291,413
1291,972
1292,298
1293,72
1294,72
1294,412
1295,112
1296,108
1296,112
1298,573
1299,126
1300,126
1301,126
1305,188
1306,124
1306,125
1306,873
1307,124
1307,125
1307,664
1307,873
1307,1114
1308,124
1308,125
1308,873
1308,1114
1309,885
1310,32
1310,835
1310,1108
1311,830
1311,1108
1312,1064
1313,874
1313,1064
1314,1064
1315,1064
1316,1064
1317,524
1317,1064
1318,1064
1319,1064
1320,1064
1321,63
1321,137
1321,305
1321,975
1322,212
1323,212
1324,212
1325,62
1326,62
1327,446
1328,446
1329,446
1330,446
1331,446
1332,69
1332,446
1332,475
1333,446
1334,446
1335,446
1336,446
1336,888
1337,412
1337,446
1338,1101
1339,783
1340,783
1341,534
1342,912
1343,912
1344,912
1345,912
1346,912
1347,912
1348,406
1349,157
1350,187
1351,187
1352,187
1354,78
1354,167
1354,181
1356,306
1356,966
1356,1001
1356,1021
1357,966
1358,77
1359,77
1360,77
1361,77
1364,77
1365,77
1366,77
1366,527
1367,65
1367,913
1368,169
1368,786
1369,577
1370,949
1371,915
1372,915
1373,50
1374,853
1375,65
1377,65
1378,65
1379,65
1380,65
1381,65
1382,65
1383,65
1384,76
1385,76
1386,621
1387,869
1388,869
1389,39
1389,786
1390,39
1390,173
1390,786
1391,173
1392,61
1392,137
1392,138
1392,158
1392,159
1392,160
1392,198
1392,240
1392,305
1392,956
1392,982
1392,989
1393,61
1393,135
1393,138
1393,159
1393,160
1393,198
1393,240
1393,267
1393,956
1393,970
1394,117
1394,157
1394,949
1395,56
1395,117
1395,137
1395,138
1395,158
1395,160
1395,305
1395,309
1395,378
1395,382
1395,947
1395,952
1396,446
1397,157
1398,158
1398,159
1399,87
1399,88
1399,305
1399,532
1399,998
1400,165
1400,415
1401,20
1401,47
1401,49
1401,227
1401,228
1401,283
1401,949
1402,20
1402,157
1402,175
1402,181
1402,378
1402,947
1402,949
1403,56
1403,61
1403,62
1403,305
1403,1055
1404,56
1404,61
1404,137
1404,138
1404,158
1404,159
1404,160
1404,198
1404,267
1404,302
1404,305
1404,415
1404,956
1404,975
1404,981
1404,989
1404,993
1404,998
1404,1055
1404,1111
1405,56
1405,61
1405,305
1406,56
1406,61
1406,87
1406,305
1407,208
1407,847
1408,819
1408,847
1409,847
1410,475
1411,473
1411,873
1412,473
1413,473
1414,874
1415,874
1416,162
1416,405
1417,405
1417,560
1418,8
1418,330
1418,405
1418,560
1419,445
1419,748
1420,52
1420,177
1420,218
1420,378
1420,1140
1421,531
1422,531
1423,531
1424,531
1426,531
1427,531
1428,531
1429,531
1430,531
1431,531
1432,531
1433,531
1434,531
1435,531
1436,531
1437,531
1438,531
1439,531
1440,531
1441,531
1442,531
1443,531
1444,531
1445,531
1446,531
1447,531
1448,908
1449,908
1450,908
1451,825
1452,825
1453,825
1454,825
1455,825
1456,825
1457,825
1457,947
1458,825
1459,825
1460,825
1462,825
1463,825
1464,330
1464,825
1465,825
1466,445
1466,1130
1467,830
1467,870
1468,870
1469,870
1470,870
1471,870
1473,870
1474,870
1475,870
1476,870
1477,870
1478,870
1479,830
1479,870
1480,870
1481,870
1482,830
1482,870
1483,870
1484,870
1485,870
1486,870
1487,870
1488,870
1489,870
1490,830
1490,870
1491,870
1492,870
1493,830
1493,870
1494,870
1495,870
1497,870
1498,870
1499,870
1500,870
1501,870
1502,870
1503,870
1504,870
1505,870
1506,870
1507,870
1508,870
1509,870
1510,870
1511,870
1512,870
1513,870
1514,870
1515,870
1516,870
1517,870
1518,870
1519,870
1520,870
1521,870
1522,870
1523,870
1524,870
1525,870
1526,870
1527,870
1529,870
1530,870
1531,870
1532,870
1533,870
1534,870
1535,870
1536,203
1537,203
1538,203
1539,203
1540,203
1541,203
1542,203
1543,203
1544,203
1545,203
1546,203
1547,203
1548,203
1549,203
1550,203
1551,203
1552,203
1553,203
1554,203
1555,203
1556,203
1557,203
1558,203
1559,203
1560,203
1561,203
1562,203
1563,203
1564,203
1565,203
1566,203
1567,203
1568,203
1569,203
1570,203
1572,384
1573,384
1574,384
1575,384
1576,384
1577,384
1578,384
1579,384
1580,425
1580,1018
1581,676
1581,1132
1582,676
1582,1132
1583,1094
1584,1094
1585,302
1586,8
1586,106
1586,208
1586,585
1586,606
1586,861
1586,899
1587,861
1588,625
1589,382
1589,399
1590,499
1591,499
1591,1114
1592,488
1592,1087
1593,488
1593,1087
1595,1056
1596,106
1596,606
1596,899
1597,899
1598,899
1599,998
1600,606
1601,10
1601,20
1601,23
1601,1026
1601,1028
1601,1032
1601,1035
1602,1028
1603,204
1603,830
1604,830
1605,830
1606,830
1607,830
1608,830
1609,830
1609,1108
1610,830
1610,1108
1611,181
1611,259
1612,457
1613,457
1614,457
1615,692
1616,692
1617,141
1618,48
1620,367
1620,1139
1622,367
1622,1139
1623,367
1623,1139
1624,367
1626,367
1626,1139
1627,766
1628,13
1628,59
1629,13
1629,59
1630,204
1631,204
1632,204
1633,73
1635,73
1636,45
1637,10
1637,20
1637,23
1637,1026
1637,1028
1637,1032
1637,1035
1638,130
1639,130
1640,126
1640,130
1641,130
1642,126
1643,126
1643,130
1644,126
1644,130
1645,126
1645,130
1646,130
1647,1105
1648,218
1649,1110
1650,1055
1651,1055
1652,923
1653,1096
1654,172
1655,306
1656,645
